,labels,precision,recall,fscore,norm_support
0,-1,0.7435897435897436,0.6431451612903226,0.6897297297297298,0.03930895462146424
1,0,0.9049748462828395,0.9097696074496268,0.9073658927141713,0.9872412252410889
2,1,0.4650924024640657,0.46533127889060094,0.46521181001283696,0.15430349727417517
