,labels,precision,recall,fscore,norm_support
0,-1,0.6876267748478702,0.6834677419354839,0.685540950455005,0.03930895462146424
1,0,0.9462819991873223,0.9347354900858955,0.9404733058719005,0.9872412252410889
2,1,0.6389153187440533,0.689779147406266,0.6633736725117313,0.15430349727417517
