,labels,precision,recall,fscore,norm_support
0,-1,0.7593984962406015,0.8145161290322581,0.7859922178988327,0.03930895462146424
1,0,0.9405825885468388,0.9124187203981697,0.9262866223870257,0.9872412252410889
2,1,0.5573555166374781,0.6538263995891115,0.6017489955093358,0.15430349727417517
