,labels,precision,recall,fscore,norm_support
0,-1,0.7189097103918228,0.8508064516129032,0.7793167128347184,0.03930895462146424
1,0,0.9375721589971961,0.9126595488480372,0.9249481348899645,0.9872412252410889
2,1,0.5582990397805213,0.6271186440677966,0.5907111756168361,0.15430349727417517
