,labels,precision,recall,fscore,norm_support
0,-1,0.7518656716417911,0.8125,0.7810077519379846,0.03930895462146424
1,0,0.9342799188640973,0.9243798667415911,0.9293035267532888,0.9872412252410889
2,1,0.5787150564001962,0.6060606060606061,0.5920722528850978,0.15430349727417517
