,labels,precision,recall,fscore,norm_support
0,-1,0.6888888888888889,0.6875,0.6881937436932392,0.03930895462146424
1,0,0.946290728853498,0.9348960423858071,0.9405588757874334,0.9872412252410889
2,1,0.6396568160152526,0.6892655367231638,0.6635352286773795,0.15430349727417517
