,labels,precision,recall,fscore,norm_support
0,-1,0.7244367417677643,0.842741935483871,0.7791239515377446,0.03930895462146424
1,0,0.9351577909270217,0.9134623103475957,0.9241827411167511,0.9872412252410889
2,1,0.5554524361948956,0.6147919876733436,0.5836177474402731,0.15430349727417517
