,labels,precision,recall,fscore,norm_support
0,-1,0.7524752475247525,0.7661290322580645,0.7592407592407593,0.03930895462146424
1,0,0.8949718217082632,0.9816167616601108,0.9362940275650843,0.9872412252410889
2,1,0.8387978142076503,0.31535695942475606,0.4583799925345279,0.15430349727417517
