,labels,precision,recall,fscore,norm_support
0,-1,0.7339805825242719,0.7620967741935484,0.7477744807121662,0.03930895462146424
1,0,0.8927242209735095,0.98201814240989,0.9352446483180429,0.9872412252410889
2,1,0.8504398826979472,0.2978941961992809,0.44123240775960443,0.15430349727417517
