,labels,precision,recall,fscore,norm_support
0,-1,0.6813417190775681,0.655241935483871,0.6680369989722508,0.03930895462146424
1,0,0.9071801042920177,0.9077627037007305,0.907471310488725,0.9872412252410889
2,1,0.47191011235955055,0.4745762711864407,0.4732394366197183,0.15430349727417517
