,F1Score,C
10,0.7466603531180644,1
13,0.7707835745724639,2
15,0.7733192873385473,4
17,0.7764861500309274,1
19,0.7798137232850555,4
21,0.7785294197133784,1
23,0.7786625386408143,2
25,0.7786282546563578,1
