,F1Score,C
10,0.7260721518078213,4
13,0.7353978528658508,8
15,0.7396299899538585,8
17,0.7432215017222966,8
19,0.7433641114793539,8
21,0.7448645995274707,8
23,0.7454829086642594,8
25,0.7460830220608253,8
