,F1Score,C
10,0.7040781613748535,2
13,0.7449348071318181,2
15,0.7626122082022095,2
17,0.7772749492080646,2
19,0.7896958984797194,2
21,0.7987771481572686,2
23,0.8036112158165333,4
25,0.8079028594716946,4
